{
  "sample_index": 1,
  "sample_filename": "sample_001.wav",
  "embedding": [
    -0.02205687341913569,
    0.05558970824982036,
    0.06452941012367772,
    -0.12434836957896747,
    0.010425730386888545,
    0.059421564121144764,
    -0.02219957624892172,
    -0.10513882860670651,
    0.04540242158267669,
    0.021186621409518262,
    -0.023468253635429766,
    0.08402582079456693,
    -0.0763358085029698,
    0.06059878935805895,
    -0.033123358380358466,
    0.13015199921163176,
    0.051093618231231964,
    0.041744492061111464,
    0.007247485997767767,
    -0.0902205537461958,
    -0.06085549165649122,
    -0.07146220502413687,
    0.19280112870175586,
    0.08332419218408149,
    -0.03975265388665037,
    -0.014844398630171559,
    -0.029173656678236383,
    -0.16981897887381842,
    -0.059578585103888713,
    0.05187701696203127,
    0.07503063072289294,
    -0.07968624511925267,
    0.14010104239337984,
    0.018824996026727495,
    -0.04432742575996083,
    0.07539035964763047,
    0.044249172313613985,
    0.11813734965849979,
    0.006888614821103236,
    -0.11965307339119165,
    -0.029748129957666083,
    -0.09060001925851523,
    -0.027648565703288063,
    0.0828565937557536,
    -0.044266025526566145,
    -0.08800292573154227,
    -0.0297656686240186,
    -0.09479998595757061,
    0.021912576165135797,
    -0.040042142464302787,
    -0.061574148568569124,
    -0.007008796408868422,
    0.019062596899560247,
    -0.011124192500687564,
    0.1084533310735339,
    0.01028556541106442,
    0.0023609760181394117,
    -0.053748967846654505,
    -0.06292980030582741,
    0.10428498463786003,
    0.16215322567212942,
    -0.11828259127357027,
    0.05256578214538942,
    0.18776233095343783,
    0.02395968833322592,
    0.0013809833615036518,
    0.04258524163483706,
    0.009114446856142239,
    0.06744802599889896,
    -0.013616104320963397,
    0.04570374540735586,
    -0.01041859552479601,
    -0.03723347480461429,
    0.06418022377026085,
    -0.08491190342497132,
    0.034659053393916055,
    -0.008291138159900902,
    -0.10386012273892807,
    -0.060012767678949384,
    -0.054588685514989355,
    0.02995770919746918,
    0.057518417656225014,
    -0.026492975089322524,
    0.01784451454216577,
    -0.12086547654364678,
    -0.01411730486706947,
    -0.07640781836290907,
    -0.1611012335165178,
    0.07972246984134523,
    0.011866778814489212,
    -0.08214344654791006,
    -0.000140711036431466,
    0.023118065178943895,
    -0.013514728929547847,
    0.06114816908257137,
    0.08339552404120086,
    -0.12408981208600597,
    0.05286289266683056,
    -0.012681078827657701,
    0.061359895952185904,
    0.07189601507017562,
    -0.02616933305093946,
    0.08746216260330711,
    0.1392109364495386,
    -0.08563358899799753,
    -0.15499852268388636,
    -0.00010316676124593121,
    -0.08065164662900662,
    0.11074554684895847,
    -0.05523466946546894,
    0.1584667827792256,
    -0.08086488224115997,
    0.03540527745361686,
    -0.053301269918678174,
    -0.013180817197352698,
    0.1327581526444181,
    0.02980430360888307,
    0.045186928444650436,
    0.08858497252598782,
    -0.0595160598328478,
    0.0005363597187806109,
    0.011823677206651785,
    -0.019352921804866908,
    0.04932153865209823,
    -0.00956353897398315,
    -0.0443813009071125,
    -0.022728235909234333,
    0.0009598256234105419,
    -0.06838272366666535,
    0.06463736903423335,
    -0.08177747403676497,
    0.07272086883053541,
    -0.11496469134206286,
    0.1099296486862859,
    0.08075793660954399,
    0.04214225247369794,
    0.012171189042115085,
    0.09295760642670826,
    -0.07067339717193913,
    -0.12713607875588212,
    -0.11871407673851217,
    -0.11166257173992446,
    -0.06280830369061481,
    0.026335704512133882,
    -0.03247783636586607,
    -0.010890018894856577,
    -0.007833284159464172,
    -0.0011109596580777667,
    -0.020083626305514062,
    0.038568607643344625,
    -0.042050435245662585,
    -0.012312951236120737,
    0.012531036244817075,
    -0.09157078518618499,
    0.01334939589300206,
    0.0024805128978660183,
    0.0009499215901165462,
    0.09647245500153019,
    -0.10633279157257605,
    -0.006671280924047366,
    -0.10294962455642633,
    0.03892666391277368,
    -0.11961339905035598,
    -0.07598361956563615,
    -0.12406604473440677,
    -0.04938021942363281,
    0.054322889783131746,
    0.06334699555748803,
    -0.019565404908395957,
    -0.06238230557816597,
    -0.029669612015713668,
    -0.05403371785514797,
    -0.018299009262147236,
    -0.021235579173580443,
    -0.028586478296513725,
    -0.054340570010512596,
    -0.02812013156569952,
    -0.1639154965621157,
    -0.06657088406502092,
    -0.017151385181315693,
    0.027398719801504438,
    -0.1203005958865318,
    -0.025021058906964648,
    -0.11332521346828549,
    -0.05437580753069706,
    -0.042525875409902124,
    -0.011957376941300295,
    -0.04083587887546068,
    0.012826989132322558,
    -0.04377473425244344,
    0.012203864493951213,
    0.10922936863085984
  ],
  "model_source": "nvidia/speakerverification_en_titanet_large",
  "model_name": "titanet_large",
  "backend": "nemo_titanet",
  "preprocessing_version": "edge-rms-stable-window-v1",
  "duration_ms": 3815,
  "quality": {
    "preprocessing_version": "edge-rms-stable-window-v1",
    "source_format": "wav",
    "source_sample_rate": 16000,
    "source_channels": 1,
    "raw_duration_ms": 4000,
    "raw_peak": 0.445159912109375,
    "raw_rms": 0.05575965717434883,
    "resampler": "linear_interp",
    "resampled_duration_ms": 4000,
    "target_sample_rate": 16000,
    "standardized_format": "wav",
    "duration_ms": 3815,
    "speech_duration_ms": 3815,
    "target_window_ms": 3000,
    "min_audio_ms": 1200,
    "max_audio_ms": 6000,
    "pre_gain_rms": 0.05575965717434883,
    "post_gain_rms": 0.08000000566244125,
    "gain_applied_db": 3.135397841105184,
    "peak_before_gain": 0.445159912109375,
    "peak_after_gain": 0.6386838555335999,
    "clipping_guard_triggered": false,
    "trim_strategy": "edge_frame_rms",
    "frame_ms": 25,
    "hop_ms": 10,
    "noise_floor_rms": 0.005020640790462494,
    "speech_reference_rms": 0.09761187434196472,
    "trim_threshold_rms": 0.011045409739017487,
    "active_frame_count": 301,
    "active_run_count": 6,
    "trim_start_ms": 0,
    "trim_end_ms": 3815,
    "leading_trim_ms": 0,
    "trailing_trim_ms": 185,
    "padding_before_ms": 200,
    "padding_after_ms": 250,
    "window_strategy": "stable_speech",
    "window_start_ms": 0,
    "window_end_ms": 3815,
    "window_score": 0.0,
    "candidate_window_count": 1,
    "cropped": false,
    "cropped_from_ms": 3815,
    "window_median_rms": 0.5372465122491121,
    "window_raw_median_rms": 0.04297972097992897,
    "window_continuity": 0.7921052631578948,
    "window_clipping_ratio": 0.0,
    "window_peak": 0.6386838555335999,
    "window_peak_penalty": 0.0,
    "window_silence_ratio": 0.1736842105263158,
    "embedding_norm_before_normalize": 0.31027287244796753,
    "embedding_mode": "nemo_file_get_embedding",
    "embedding_dim": 192,
    "embedding_norm_after_normalize": 1.0,
    "extraction_duration_ms": 259
  },
  "client_type": "desktop_gui",
  "device_id": "LAPTOP-FG6AH72A",
  "updated_at": 1776948309.9861758
}