{
  "sample_index": 3,
  "sample_filename": "sample_003.wav",
  "embedding": [
    -0.059341994503542994,
    0.03264783767997333,
    0.052148615239318206,
    -0.14512178624777147,
    0.07006079859488461,
    0.05723953374455867,
    -0.021808861308864367,
    -0.0618237382521255,
    0.08597477716807962,
    0.016928701106949783,
    0.04269636144886661,
    0.10068923459021657,
    -0.08315719104103607,
    0.09329476415120556,
    -0.06588109729279781,
    0.11087662228336573,
    0.06274362048070621,
    -0.0254545869382667,
    0.012624088955730538,
    -0.07153129736828336,
    -0.05427173273346722,
    -0.12025531648994683,
    0.1382590563072161,
    0.11237697553388075,
    -0.05306904881087537,
    0.008873864274517867,
    -0.07681895963443498,
    -0.1432685734923333,
    -0.03846351887948961,
    0.01598035207191985,
    0.06309404364571994,
    -0.13126692467997356,
    0.11280524236670353,
    0.056566440827872405,
    0.0057069492865101145,
    0.014612193544555431,
    0.09110014343347658,
    0.1079880917262994,
    0.008799809227026662,
    -0.10328775129109342,
    0.011400173671932674,
    -0.0076864950206838156,
    0.0460743020297851,
    0.0693308130434941,
    -0.034895670445509765,
    -0.04476165126042566,
    0.004086563920278336,
    -0.10405582421134303,
    0.05658872551493375,
    -0.0551919018094073,
    -0.030276312235259152,
    0.010774172150957285,
    0.052284688921078425,
    -0.0522129361030429,
    0.09183015133660938,
    -0.04109959023270103,
    -0.009651378943239048,
    0.028771311684993365,
    -0.11987921862362472,
    0.062419788438434695,
    0.168486554199963,
    -0.02718026251485356,
    0.016073964893913235,
    0.11548123765693206,
    0.10495806718996797,
    -0.05120368788350356,
    -0.007787880661057925,
    0.04396990039451208,
    0.10336547574961029,
    0.017720353252668256,
    0.04223024939105952,
    -0.012628298533861484,
    0.011770516895938166,
    0.06424261027494167,
    -0.10905931387662318,
    -0.04486395891016916,
    -0.0018134592504559996,
    -0.11412728086782402,
    0.0022070606264656123,
    0.005634314971638102,
    0.04431945556686694,
    0.06005650892397968,
    -0.015827367434473414,
    0.024535952681963742,
    -0.10659130899896715,
    0.02277095666540155,
    -0.05478222045029717,
    -0.14323237857098792,
    0.09179443325243283,
    0.025029330140072064,
    -0.017308464659007157,
    0.006808390526746244,
    0.011080027804493516,
    0.08633293403592507,
    0.07123548696026048,
    0.024289630894012145,
    -0.16844061391897996,
    0.022764085367293116,
    0.148308220826055,
    0.0020593335379005344,
    0.035204817393097936,
    0.031125115923363374,
    0.07857420470342394,
    0.12491305450435149,
    -0.04050326064961323,
    -0.09801342556450711,
    -0.006799243076214796,
    -0.11392773941383645,
    0.014680038532980898,
    -0.06067588687865699,
    0.08467269132224174,
    -0.00529146904726008,
    0.03527978513673258,
    -0.06810081156653568,
    -0.025210936183518544,
    0.17149432385155614,
    0.08549436372049847,
    0.10113470481402051,
    0.047469099177344085,
    -0.08053001195596497,
    -0.013170862863520193,
    -0.004056251698106445,
    -0.0006757342639819715,
    0.08584819925150151,
    0.05216514062744996,
    -0.08437832632688684,
    0.03042182394020056,
    -0.00884648245889222,
    -0.06030840933427737,
    0.1316901176672969,
    -0.06091223420161248,
    0.06143500420082979,
    -0.07701721958853136,
    0.1376621455788288,
    0.17894950907320267,
    -0.049429753032671275,
    0.012711415350205367,
    0.0428571934105014,
    -0.11385603502457589,
    -0.110677870590939,
    -0.20590731959822325,
    -0.040831432655179044,
    -0.029937420706620952,
    0.11436195181010789,
    -0.09126351231786108,
    -0.05389881253984042,
    -0.014213837068204652,
    0.01871977601882674,
    -0.009568520103254076,
    0.004699246596817741,
    0.009855406578168384,
    -0.08037732720439424,
    -0.027568458261689157,
    -0.0767967643543428,
    0.05520510051322849,
    -0.003545143720428004,
    -0.00015868913386205645,
    0.07378690854013609,
    -0.1394986988356815,
    -0.02388972655950791,
    -0.061672845365228206,
    0.09417714388151706,
    -0.06688148677181026,
    -0.07743802839001064,
    -0.04638186945425157,
    -0.029485818654849286,
    0.01321796822906999,
    -0.032649771105681256,
    -0.014366889692200544,
    -0.07483933287519548,
    -0.011196076187808688,
    -0.08033925473669666,
    -0.0006515255808539787,
    -0.03814068521504029,
    0.06315783551821047,
    -0.023198005328269624,
    0.04652087493954192,
    -0.12609203440424668,
    -0.019943835657626884,
    0.07881061163102553,
    -0.017526351305477774,
    -0.037443336932680954,
    -0.062147126984841636,
    -0.09799171457216449,
    -0.0443121279206868,
    0.015206972475521984,
    0.07028694607277591,
    0.00557800953583022,
    -0.05514798808639174,
    -0.03037546270140444,
    -0.007110764896421088,
    0.06713137180001164
  ],
  "model_source": "nvidia/speakerverification_en_titanet_large",
  "model_name": "titanet_large",
  "backend": "nemo_titanet",
  "preprocessing_version": "edge-rms-stable-window-v1",
  "duration_ms": 3880,
  "quality": {
    "preprocessing_version": "edge-rms-stable-window-v1",
    "source_format": "wav",
    "source_sample_rate": 16000,
    "source_channels": 1,
    "raw_duration_ms": 4000,
    "raw_peak": 0.862396240234375,
    "raw_rms": 0.07126858830451965,
    "resampler": "linear_interp",
    "resampled_duration_ms": 4000,
    "target_sample_rate": 16000,
    "standardized_format": "wav",
    "duration_ms": 3880,
    "speech_duration_ms": 3880,
    "target_window_ms": 3000,
    "min_audio_ms": 1200,
    "max_audio_ms": 6000,
    "pre_gain_rms": 0.07126858830451965,
    "post_gain_rms": 0.07999999821186066,
    "gain_applied_db": 1.0038366131854142,
    "peak_before_gain": 0.862396240234375,
    "peak_after_gain": 0.9680519700050354,
    "clipping_guard_triggered": false,
    "trim_strategy": "edge_frame_rms",
    "frame_ms": 25,
    "hop_ms": 10,
    "noise_floor_rms": 0.012083068490028381,
    "speech_reference_rms": 0.10892412066459656,
    "trim_threshold_rms": 0.026582750678062442,
    "active_frame_count": 270,
    "active_run_count": 15,
    "trim_start_ms": 120,
    "trim_end_ms": 4000,
    "leading_trim_ms": 120,
    "trailing_trim_ms": 0,
    "padding_before_ms": 200,
    "padding_after_ms": 250,
    "window_strategy": "stable_speech",
    "window_start_ms": 0,
    "window_end_ms": 3880,
    "window_score": 0.0,
    "candidate_window_count": 1,
    "cropped": false,
    "cropped_from_ms": 3880,
    "window_median_rms": 0.6305777933448553,
    "window_raw_median_rms": 0.050446223467588425,
    "window_continuity": 0.6976744186046512,
    "window_clipping_ratio": 0.0,
    "window_peak": 0.9680519700050354,
    "window_peak_penalty": 0.6805197000503539,
    "window_silence_ratio": 0.1834625322997416,
    "embedding_norm_before_normalize": 0.31894147396087646,
    "embedding_mode": "nemo_file_get_embedding",
    "embedding_dim": 192,
    "embedding_norm_after_normalize": 0.9999999403953552,
    "extraction_duration_ms": 68
  },
  "client_type": "desktop_gui",
  "device_id": "LAPTOP-FG6AH72A",
  "updated_at": 1776948338.7060091
}