{
  "sample_index": 2,
  "sample_filename": "sample_002.wav",
  "embedding": [
    -0.05101088336803175,
    0.056866279645898014,
    0.02611466819718278,
    -0.09794284215823562,
    -0.010112943865472979,
    0.045058860512253794,
    -0.02495424960465255,
    -0.06407935049646697,
    0.040531891553516906,
    0.020588587575396177,
    0.02051996772941216,
    0.05550807980727329,
    0.0038892949652423,
    0.06287418185508314,
    -0.06541377180757181,
    0.11807885539980659,
    0.07096581025166117,
    -0.027230372131116586,
    -0.01056722624486734,
    -0.03547729111345828,
    -0.020989866525438713,
    -0.06289709984056055,
    0.19968254481946057,
    0.07593992952165254,
    -0.04253429838054143,
    0.000421006864724643,
    -0.058986923459441905,
    -0.14777961090421704,
    -0.04208597460286539,
    -0.01778918656924082,
    0.06328081218453699,
    -0.05172466015142349,
    0.14780987516202237,
    0.0648167716969304,
    -0.014749270581472832,
    0.056092942922354665,
    0.09204255613313225,
    0.08985775537129646,
    0.020019873593449474,
    -0.1266019767128144,
    -0.025187650213253893,
    -0.007009804114614992,
    -0.015346175697213455,
    0.09999285446907284,
    -0.03730134594556799,
    -0.09653155320858385,
    0.01930928193320194,
    -0.0931118932422539,
    0.043776801880581695,
    -0.040774404222013845,
    0.015603983476060498,
    -0.02475297962426034,
    0.06471418465465527,
    -0.04594811709179522,
    0.09355853318874727,
    -0.01319967930081573,
    0.01868274399634949,
    0.009383741586573183,
    -0.12258852783601883,
    0.10778484287152064,
    0.18692041575698398,
    -0.0732824564852161,
    0.029719912809403552,
    0.10265335989175418,
    0.06668723246939966,
    -0.022271967997948422,
    0.012090815931061523,
    0.05325192483642675,
    0.11200300389687831,
    0.0001867283827501253,
    0.07213024656970138,
    -0.02898057494711825,
    0.0014177030845156776,
    0.08256448647271752,
    -0.08781193028667457,
    0.06600466244224072,
    -0.011418678579183697,
    -0.1465058894720733,
    0.0141412277792756,
    -0.028290120343193552,
    0.04710454776113729,
    0.10476521947094247,
    -0.050426772761576255,
    0.08030636454863106,
    -0.15079037556463507,
    -0.0010960924927789553,
    -0.07521653776418455,
    -0.12688444311899746,
    0.09899301637442882,
    0.007830010577151167,
    -0.01837653631554882,
    0.07726503760718954,
    0.025441204641984093,
    0.04408645172955225,
    0.08464396582925146,
    0.06432889278762254,
    -0.16587009708438427,
    -0.012962182735609644,
    0.07366940983169014,
    0.006757054348573857,
    0.05904445311641971,
    -0.009483407069987675,
    0.09529423531253978,
    0.07889405486945705,
    -0.061101241730180104,
    -0.12353307517311156,
    -0.01344019241978325,
    -0.14323530817005325,
    0.09375105618768614,
    -0.0647844659800806,
    0.07086320085764468,
    -0.057168959476853576,
    0.03362423862222047,
    -0.07760109603858033,
    -0.0457461728338719,
    0.13753808771523157,
    0.07289818534770559,
    0.055000762333560174,
    0.046272481837162996,
    -0.05078151352345618,
    -0.017144916250907156,
    -0.048673755488807986,
    -0.009273310014402241,
    0.06430883582503957,
    0.01176340669225561,
    -0.06727865209528082,
    0.005680163282194124,
    0.037230561705962,
    -0.03734168338814752,
    0.12858849517702015,
    -0.1228556236947247,
    0.07092561437011027,
    -0.06231992199921777,
    0.09405755816641476,
    0.11142183626970226,
    0.00870619883857577,
    0.022215852088611817,
    0.12762218469442044,
    -0.03424816885591392,
    -0.12449085474109109,
    -0.13579101600566584,
    -0.08261313131250358,
    0.0058609674494009565,
    0.04424634863668179,
    -0.05282412368261206,
    -0.07563219074656852,
    -0.005665589481164253,
    0.0341563292759441,
    0.014564434718917671,
    0.03689591888485753,
    0.031735661763376596,
    -0.03954744263280123,
    -0.023665230268191034,
    -0.12817516677573793,
    0.020210846871653858,
    -0.02627118812872141,
    -0.017145279466704303,
    0.08790995757371167,
    -0.17028151126556534,
    -0.024631069501577008,
    -0.12508913635157065,
    0.08024761672174897,
    -0.08842893520583575,
    0.008080721678115497,
    -0.06470576549874192,
    -0.029258297196197058,
    0.04162105838251764,
    -0.006806377191181262,
    -0.051006893582198475,
    -0.10364350478122716,
    0.02041912784825356,
    -0.09072384064562505,
    -0.05406517059417351,
    -0.0670950995952089,
    0.06908155100419057,
    -0.049527975713763106,
    0.04460009102078083,
    -0.1610587804478996,
    -0.021349226647200296,
    0.015755643766497816,
    -0.04896272252643743,
    -0.08266220083537555,
    -0.05844113863884328,
    -0.08460295783443104,
    -0.029037100638379842,
    -0.03966588823557332,
    0.09449278382365216,
    -0.030760838992607866,
    -0.027895977186581114,
    -0.026262267921272512,
    0.012032732137162428,
    0.058327170834924225
  ],
  "model_source": "nvidia/speakerverification_en_titanet_large",
  "model_name": "titanet_large",
  "backend": "nemo_titanet",
  "preprocessing_version": "edge-rms-stable-window-v1",
  "duration_ms": 3525,
  "quality": {
    "preprocessing_version": "edge-rms-stable-window-v1",
    "source_format": "wav",
    "source_sample_rate": 16000,
    "source_channels": 1,
    "raw_duration_ms": 4000,
    "raw_peak": 0.87945556640625,
    "raw_rms": 0.1223704069852829,
    "resampler": "linear_interp",
    "resampled_duration_ms": 4000,
    "target_sample_rate": 16000,
    "standardized_format": "wav",
    "duration_ms": 3525,
    "speech_duration_ms": 3525,
    "target_window_ms": 3000,
    "min_audio_ms": 1200,
    "max_audio_ms": 6000,
    "pre_gain_rms": 0.1223704069852829,
    "post_gain_rms": 0.07999999821186066,
    "gain_applied_db": -3.6917283488865698,
    "peak_before_gain": 0.87945556640625,
    "peak_after_gain": 0.5749465227127075,
    "clipping_guard_triggered": false,
    "trim_strategy": "edge_frame_rms",
    "frame_ms": 25,
    "hop_ms": 10,
    "noise_floor_rms": 0.0016105729155242443,
    "speech_reference_rms": 0.10502967238426208,
    "trim_threshold_rms": 0.003543260414153338,
    "active_frame_count": 298,
    "active_run_count": 4,
    "trim_start_ms": 0,
    "trim_end_ms": 3525,
    "leading_trim_ms": 0,
    "trailing_trim_ms": 475,
    "padding_before_ms": 200,
    "padding_after_ms": 250,
    "window_strategy": "stable_speech",
    "window_start_ms": 0,
    "window_end_ms": 3525,
    "window_score": 0.0,
    "candidate_window_count": 1,
    "cropped": false,
    "cropped_from_ms": 3525,
    "window_median_rms": 0.7039321586489677,
    "window_raw_median_rms": 0.05631457269191742,
    "window_continuity": 0.8490028490028491,
    "window_clipping_ratio": 0.0,
    "window_peak": 0.5749465227127075,
    "window_peak_penalty": 0.0,
    "window_silence_ratio": 0.11396011396011396,
    "embedding_norm_before_normalize": 0.38158750534057617,
    "embedding_mode": "nemo_file_get_embedding",
    "embedding_dim": 192,
    "embedding_norm_after_normalize": 1.0,
    "extraction_duration_ms": 68
  },
  "client_type": "desktop_gui",
  "device_id": "LAPTOP-FG6AH72A",
  "updated_at": 1776948323.3348663
}